"id","post_id","type","url"
"02cfcc1f-d6ce-4477-9943-4f9d8e493db2","2ebf7c81-4773-4db6-8da1-6df8d179377b","img","https://picsum.photos/seed/1/800/600.webp"
"04cf7a22-3fdb-4ece-8a8b-113a2c27a688","6b1f8985-9250-49af-aa11-2989a3684d71","video","https://drive.google.com/file/d/1Kk8vKba1w3u9AkdJto-c5TRIm6_VAugz/view?usp=drive_link"
"052bc338-b953-4eb1-bb0e-4b0f9e2d5ac1","ee7301e1-07ef-4ef9-a375-0d1feff4880d","img","https://drive.google.com/file/d/1JJ4u4JTlm8lZG4KufG0229EYpiDHmTzJ/view?usp=drive_link"
"070bf9b8-e405-4142-b270-416b658d1d8f","ee7301e1-07ef-4ef9-a375-0d1feff4880d","img","https://drive.google.com/file/d/1NLQOzZjPywOfwDXRAvBRiryUfXgHasfA/view?usp=drive_link"
"08e40799-11b0-43b0-814b-1ad05cb2aa42","3fbc0f13-c711-46b0-9399-c1f90d3418de","video","https://drive.google.com/file/d/1IM2_EGjUJ36Fd0Z7dCtkCd16AYyZoN0P/view?usp=drive_link"
"0aa6eb27-42ce-40ac-9fad-f5b5d55851e4","ffd50e35-1141-44bc-9f8b-5e1f68ab4d4c","img","https://drive.google.com/file/d/1BjGW6FZR1ccNvH4Dx1060zJCZZGMG-4h/view?usp=drive_link"
"0ce65e7d-7494-4e76-b52e-972ac986b3f2","41387e59-1c31-4ada-9048-ca45dc017bdc","img","https://drive.google.com/file/d/1Ygu2bLF-ryKAMj9m3zSOjqumus3klAZF/view?usp=drive_link"
"0dcba709-b730-4847-b716-b7ab0da1db1c","ffd50e35-1141-44bc-9f8b-5e1f68ab4d4c","img","https://drive.google.com/file/d/1CMo-9u8-4Kd7F8L-NPMMhn2NmMJCFp0p/view?usp=drive_link"
"0ece4398-8208-4079-85b6-102c13692cb9","ffd50e35-1141-44bc-9f8b-5e1f68ab4d4c","img","https://drive.google.com/file/d/1CO-jQpbVtcRj0iuS7n6Mm_hmpwboBxtC/view?usp=drive_link"
"10c5a830-e7a0-4a6a-832e-bb12c675d929","41387e59-1c31-4ada-9048-ca45dc017bdc","img","https://drive.google.com/file/d/1qYgBrDnIjrgR0PxAdxlx6uapyFCm977B/view?usp=drive_link"
"11d9816f-8592-440b-b519-d12c6759ca48","e74188e4-be4c-4108-9bd0-c6f516759e2c","video","https://drive.google.com/file/d/1HcetW2J2FJAMAHKGiOsyJ1-AmCgbpaCz/view?usp=drive_link"
"144bb070-9e28-4669-8e0e-38f8372ae387","6b1f8985-9250-49af-aa11-2989a3684d71","img","https://drive.google.com/file/d/1TXdYXqwYFsckpdI8zAWv44VW60S0e97q/view?usp=drive_link"
"14e833ec-7033-4bab-89d9-0ce79f0fbfa8","41387e59-1c31-4ada-9048-ca45dc017bdc","img","https://drive.google.com/file/d/1_tv44GF6tM1yTOEK5D9sPJOEAruMVS5h/view?usp=drive_link"
"1b849762-86d9-4fa6-8216-4709d6c8abd3","2ebf7c81-4773-4db6-8da1-6df8d179377b","img","https://picsum.photos/seed/1/800/600.webp"
"1fc0d01a-22ce-4cd7-b5d5-90acf4cca3e9","ad98f99d-25e9-4c7b-828a-55eff228e4f4","img","https://drive.google.com/file/d/15-QrvNPTmKB_sIzrlW55jBiNAWsdW9U-/view?usp=drive_link"
"1ff654a4-5453-4ae6-a0bd-b7b919b95645","ffd50e35-1141-44bc-9f8b-5e1f68ab4d4c","img","https://drive.google.com/file/d/1CHc6U7gaanu0BDAl-uE0FdxgV6KFueq_/view?usp=drive_link"
"21147727-90bc-4fb6-861b-34da7e7b9bf3","9d59eea7-d058-494a-aae9-ee9c9a73e91e","img","https://drive.google.com/file/d/1kUhWxHxHTv0sWBb6A1-Qa2UCdy5bz8x0/view?usp=drive_link"
"2544d324-94c2-4f43-9183-f5a8f9629d97","3fece07d-7db4-443f-a338-537dd0e4cf98","img","https://drive.google.com/file/d/1qMbD0_U0rOieaJXGJCCNakj44_u-LIMZ/view?usp=drive_link"
"26c942a2-503f-4d2a-bdc1-daa2489b6a52","2ebf7c81-4773-4db6-8da1-6df8d179377b","img","https://picsum.photos/seed/1/800/600.webp"
"286fb306-8646-4b64-b740-640adbb6f71b","ad98f99d-25e9-4c7b-828a-55eff228e4f4","img","https://drive.google.com/file/d/1WTEAias0GJFWfCBupgHPKEmQ5hhtKoxo/view?usp=drive_link"
"296bd643-b282-4ca5-bac7-2d7299299c78","ad98f99d-25e9-4c7b-828a-55eff228e4f4","img","https://drive.google.com/file/d/1_0mIwI78d93Dow7UY9-1cg3byuWbexE4/view?usp=drive_link"
"2bedbafa-3d74-4341-864f-630b714bd869","ee7301e1-07ef-4ef9-a375-0d1feff4880d","img","https://drive.google.com/file/d/1MJSE2fn0iZ6oG-s5DrUmbHkC8wvVtaz3/view?usp=drive_link"
"2c09ee5c-2e4a-49ca-ad31-24cc4c575143","41387e59-1c31-4ada-9048-ca45dc017bdc","img","https://drive.google.com/file/d/1e2S_2xzMajm3Ugr3EXVqj_t5J6mwrGan/view?usp=drive_link"
"2c5efd70-3972-4a50-a615-ab5e30cb3aa3","2ebf7c81-4773-4db6-8da1-6df8d179377b","video","https://youtu.be/DHfRfU3XUEo?si=UQ9IdxCO_0RHZdSQ"
"2ce653c7-6b02-419b-b02b-753e87ffd6a0","1052c020-ea5d-4b3d-8fc6-957c99369c00","img","https://drive.google.com/file/d/1nvrDHjkRCBV_x4EGEi6alZw4OWGx-hVP/view?usp=drive_link"
"2ea40e89-968d-4832-8cce-4f252d0904b8","ffd50e35-1141-44bc-9f8b-5e1f68ab4d4c","img","https://drive.google.com/file/d/1Bfvr_y2MXp4AcGVexUmvVV80rApLnpdd/view?usp=drive_link"
"2f554faa-bec1-4520-add6-a6d9107880b4","ad98f99d-25e9-4c7b-828a-55eff228e4f4","img","https://drive.google.com/file/d/1WrfMpfcNfD0QeJP20TZQ5AV0wHJMMc5N/view?usp=drive_link"
"2fa594dc-02ef-4dbc-bc2b-1ffa9055d44d","1052c020-ea5d-4b3d-8fc6-957c99369c00","img","https://drive.google.com/file/d/1G3vfjR-xbX0Lc4SALoX000GpbJKbgy_O/view?usp=drive_link"
"303bbcaa-be6c-4be2-be34-15216aa45806","1052c020-ea5d-4b3d-8fc6-957c99369c00","img","https://drive.google.com/file/d/1C6-9JszVsSgIr43RDQ4jxlH6M-TTsFKK/view?usp=drive_link"
"31b37973-2ffb-4c64-b85b-fb2fa154dc01","e74188e4-be4c-4108-9bd0-c6f516759e2c","img","https://drive.google.com/file/d/1_P3jAllt_jiIvIeqAhm4cGTWgPSeX5pf/view?usp=sharing"
"34f296e6-9891-45ca-8909-02cdea35fcf0","1052c020-ea5d-4b3d-8fc6-957c99369c00","img","https://drive.google.com/file/d/1J-nqObvw8GttJim0eMjKy4XO3svnO6FP/view?usp=drive_link"
"352fefc6-e4bd-49bf-8ba2-b53298bacaa7","ad98f99d-25e9-4c7b-828a-55eff228e4f4","img","https://drive.google.com/file/d/1lGVY4UxtExRmUdx2gY7RnMuQm1sBMhlO/view?usp=drive_link"
"35521889-c68b-4278-8632-9664f2b02ee9","f6a910ac-076a-47be-83e0-9dfe77d6f53b","img","https://picsum.photos/seed/1/800/600.webp"
"359f3d42-5c04-4161-9009-bd978d6ca2d5","ee7301e1-07ef-4ef9-a375-0d1feff4880d","img","https://drive.google.com/file/d/1EAX4F1nWXvBl3FLrzPyFjTE39Sajciig/view?usp=drive_link"
"36044c4b-a491-4d6e-85fd-2abb78e96430","ee7301e1-07ef-4ef9-a375-0d1feff4880d","img","https://drive.google.com/file/d/1o5Bb0iCyyPwOhwrwJ5x5LqKcpveYl53o/view?usp=drive_link"
"38f9a430-d860-4953-891c-e311ed550ffb","ad98f99d-25e9-4c7b-828a-55eff228e4f4","img","https://drive.google.com/file/d/1wICaU4CVJpMvzWFGoZXFzJUrtVHHlNqN/view?usp=drive_link"
"397d2562-462a-428c-9a89-7f1f79d3c001","ee7301e1-07ef-4ef9-a375-0d1feff4880d","img","https://drive.google.com/file/d/1N1JSPLDzCSyRb02Y3WebTmCl_eFHy9dL/view?usp=drive_link"
"3c7d5940-8871-4d27-9d9b-190a76e39c46","1052c020-ea5d-4b3d-8fc6-957c99369c00","img","https://drive.google.com/file/d/1EYAsIZwQlxCqdT505bEbiqHaJJ5wOZ3M/view?usp=drive_link"
"3d0e21cc-3b95-4592-ab28-8dd8ceff0e72","41387e59-1c31-4ada-9048-ca45dc017bdc","img","https://drive.google.com/file/d/1knqMKLZjyGLNurAs3IBVPiXVj6gsioEz/view?usp=drive_link"
"3df96c1e-dd65-44c3-a67b-0ab343ebb6a4","1052c020-ea5d-4b3d-8fc6-957c99369c00","img","https://drive.google.com/file/d/1FEalkDncvmzG0Gb0s-ksk0REqM3MF9iS/view?usp=drive_link"
"40795741-81e4-4512-a27d-11f62aa51a36","ee7301e1-07ef-4ef9-a375-0d1feff4880d","img","https://drive.google.com/file/d/1Z23kj8HAeK5eRBJlBPDxHpTXPRKMigaR/view?usp=drive_link"
"40d231a6-bb11-4d23-86a1-4f5c8a22d753","ee7301e1-07ef-4ef9-a375-0d1feff4880d","img","https://drive.google.com/file/d/1FapK36SpjGR3n7mWlVXjSvwnuNzzd-HE/view?usp=drive_link"
"41919874-b755-4661-b1ac-7d2fd9c71643","ad98f99d-25e9-4c7b-828a-55eff228e4f4","img","https://drive.google.com/file/d/1bsr0TNIvvk7TlbKl0l2sV2fFNFDnMLhr/view?usp=drive_link"
"4601cd5d-3adf-4cb7-a14d-c5496cb67029","1052c020-ea5d-4b3d-8fc6-957c99369c00","img","https://drive.google.com/file/d/1awbDr_lJ3BfDel0Vb67cXGxIgzRETQ_Z/view?usp=drive_link"
"47c4f575-35a2-4f26-a868-ae4b0c058b9a","e74188e4-be4c-4108-9bd0-c6f516759e2c","img","https://drive.google.com/file/d/11_cXfMujktKBQf0-ollu-cZBn14eJO05/view?usp=drive_link"
"47dc4c92-8f05-43fe-9942-c00e29f60e61","e74188e4-be4c-4108-9bd0-c6f516759e2c","img","https://drive.google.com/file/d/1dq4rk8UxWwfywzgzEHTXPxu3Jc1Gjy4w/view?usp=sharing"
"49c86f38-44c7-4571-b23b-b37ff229bf77","e74188e4-be4c-4108-9bd0-c6f516759e2c","video","https://drive.google.com/file/d/1vsGXh3x2CkIoKU1QbCGu-MZP7WffCrwD/view?usp=drive_link"
"4a5970bd-fb6d-421c-bc1f-04c072a47091","6b1f8985-9250-49af-aa11-2989a3684d71","video","https://drive.google.com/file/d/1HmaFQOlW88RGl4MLxTeJa4d_ATBqVN8K/view?usp=drive_link"
"4ac80ec3-7268-4a05-9a7d-7eafcfcffd7c","ffd50e35-1141-44bc-9f8b-5e1f68ab4d4c","img","https://drive.google.com/file/d/1B8zDXHZ4D9TwkOOHXVsuioJBUR8kZcQ-/view?usp=drive_link"
"4eabd307-6235-47a6-b5da-fa2350694821","ad98f99d-25e9-4c7b-828a-55eff228e4f4","img","https://drive.google.com/file/d/1WQOGXmCm_VS3G2Sj2IrFbrdpCrEhY-_3/view?usp=drive_link"
"4ee6c5bc-078a-40d8-81e8-1dc6ef060ccd","f6a910ac-076a-47be-83e0-9dfe77d6f53b","img","https://picsum.photos/seed/1/800/600.webp"
"51c43658-fe34-4158-8c4c-3796d4d9437c","ee7301e1-07ef-4ef9-a375-0d1feff4880d","video","https://drive.google.com/file/d/1MyV_f7Rwgn_qDlW7S81aRRUY_hwpy_Fm/view?usp=drive_link"
"550115dd-70a9-4468-8287-9a8b38877225","2ebf7c81-4773-4db6-8da1-6df8d179377b","video","https://youtu.be/JxS5E-kZc2s?si=f8YccXSLi9rE0ewo"
"567ae132-f2ae-4dda-9457-bd53f07b940d","1052c020-ea5d-4b3d-8fc6-957c99369c00","img","https://drive.google.com/file/d/15EEVyCUtBg2NNBukstVoDwvY8v7QtSNj/view?usp=drive_link"
"57e7ab72-a8e9-4499-9d1a-941058d7eb41","3fbc0f13-c711-46b0-9399-c1f90d3418de","img","https://drive.google.com/file/d/1nPlDyrd1dCrQXbFN7QqaSmmgOQZAvaFO/view?usp=drive_link"
"58cbf7d4-5505-4bf1-9c33-6931560265e5","41387e59-1c31-4ada-9048-ca45dc017bdc","img","https://drive.google.com/file/d/1dLrgsNYxmXBm21KCYs7WSkzqSyH2MFDO/view?usp=drive_link"
"5913e1bd-40ba-46cb-873f-2f102e3a6197","ad98f99d-25e9-4c7b-828a-55eff228e4f4","img","https://drive.google.com/file/d/1yFlxbUj85bO8ixNIvlprx1UsIncZWSBm/view?usp=drive_link"
"5b709982-b023-46d4-8371-e01bd84330fb","f6a910ac-076a-47be-83e0-9dfe77d6f53b","video","https://youtu.be/DHfRfU3XUEo?si=UQ9IdxCO_0RHZdSQ"
"5bf32817-ef76-4ee3-82c4-8a8804012715","6b1f8985-9250-49af-aa11-2989a3684d71","img","https://drive.google.com/file/d/1NUrFG1kG8Db-xhxy190FtTUNsqMwtXzN/view?usp=drive_link"
"5ccc6c34-49df-44a6-ae25-6ebfbf57acce","ee7301e1-07ef-4ef9-a375-0d1feff4880d","img","https://drive.google.com/file/d/1Nrwx71NTmOEHQK3lgI5H4VyRIfqJ-mSs/view?usp=drive_link"
"5cebc600-7ccf-4ec8-aabd-a2fdcdfb3358","1052c020-ea5d-4b3d-8fc6-957c99369c00","img","https://drive.google.com/file/d/1t2qH95l7diNEXOX2Ltx0YmTqO9buGSYk/view?usp=drive_link"
"6002a6ae-8f82-4160-9273-4a52e33bf1f5","699726db-2e95-4612-9303-b4dcfab0a91a","img","https://picsum.photos/seed/1/800/600.webp"
"642a4353-61e1-4f9c-aa46-0f13bdcbb335","ffd50e35-1141-44bc-9f8b-5e1f68ab4d4c","img","https://drive.google.com/file/d/1C88x0DX_BQfj98Ml6TStsg0qnZAN8l1-/view?usp=drive_link"
"66b15919-fe1a-4828-8622-dbd75a9a15df","41387e59-1c31-4ada-9048-ca45dc017bdc","img","https://drive.google.com/file/d/1wKc_Bp3aooJqkL2pM8IO1idMo21kKqi7/view?usp=drive_link"
"68f693bc-4d5f-4d91-a8e9-3794cedb090b","3fbc0f13-c711-46b0-9399-c1f90d3418de","img","https://drive.google.com/file/d/1cPqJ2T3jza_ModI1hMMyX91IUF_O8b2u/view?usp=drive_link"
"69292dfd-f3d2-43d7-b65d-f28a4bebe3fd","3fece07d-7db4-443f-a338-537dd0e4cf98","img","https://drive.google.com/file/d/1FPVYBfFkYIVWN-SikYMdnqVKMh5vDJMI/view?usp=drive_link"
"6a7c9ab9-0385-4caa-9337-52d10481a3d6","41387e59-1c31-4ada-9048-ca45dc017bdc","video","https://drive.google.com/file/d/1fbfpXdoSnoWltNejjUK-TSE9TNGWTVFx/view?usp=drive_link"
"6bcbe151-4b03-43d6-a6a0-a7c99133e9e5","ffd50e35-1141-44bc-9f8b-5e1f68ab4d4c","img","https://drive.google.com/file/d/1C6l6TbUO2Eqnzs9b5IB81mNJhq2tgF5y/view?usp=drive_link"
"7845b57a-57da-43fc-893d-d11f2036ee76","6b1f8985-9250-49af-aa11-2989a3684d71","img","https://drive.google.com/file/d/190SfkOkd93MS6V7TvjDh4Dd5TN7y-e9L/view?usp=drive_link"
"78c2066e-d983-4f3f-8ea9-d489da52ebc5","3fbc0f13-c711-46b0-9399-c1f90d3418de","video","https://drive.google.com/file/d/1G6DprHgIBB65wOg1THu_I8jK0b4e408f/view?usp=drive_link"
"7a646788-8c2d-422d-9bcf-692e3c278b59","ee7301e1-07ef-4ef9-a375-0d1feff4880d","img","https://drive.google.com/file/d/1Nmj_3khklreI1YFbaYULZmxkdac7OjsF/view?usp=drive_link"
"7cb68b67-eb43-4d86-bc75-c08773aa2fea","9d59eea7-d058-494a-aae9-ee9c9a73e91e","img","https://drive.google.com/file/d/1MVD0vOr2Job4K8Eg2RNz3FBf0Z-I6YKc/view?usp=drive_link"
"7ee39400-66e5-4cc1-8ea4-18738db7c70a","ffd50e35-1141-44bc-9f8b-5e1f68ab4d4c","img","https://drive.google.com/file/d/1BBwXYpM4o5MBAsOAdjiDBm6Jh3GgAVV3/view?usp=drive_link"
"7ef8ef7b-913c-4ac0-8540-700a126a7ab9","9d59eea7-d058-494a-aae9-ee9c9a73e91e","img","https://drive.google.com/file/d/1uNohgb1iNWCjvEHuhgjbgjBx1BNxyHfN/view?usp=drive_link"
"80bf3a0e-908b-47cf-af37-9cd0ac288997","ee7301e1-07ef-4ef9-a375-0d1feff4880d","img","https://drive.google.com/file/d/1sXxP8z8dgrZzR2OQ1FGBDCWQml88naw3/view?usp=drive_link"
"80c621d9-6daa-4113-9776-46c3d0b10b52","ffd50e35-1141-44bc-9f8b-5e1f68ab4d4c","img","https://drive.google.com/file/d/1B6OPfLYZc-305sz92g8b-SzObcj4l2GQ/view?usp=drive_link"
"81d97c23-8471-4c54-8af2-6d43d18e5851","41387e59-1c31-4ada-9048-ca45dc017bdc","img","https://drive.google.com/file/d/13jV6f-o77TtwfYS_CggMhpU-n4LtxWXt/view?usp=drive_link"
"82ecb3eb-3abb-4629-9ca5-ec8b3ea590d4","3fece07d-7db4-443f-a338-537dd0e4cf98","video","https://drive.google.com/file/d/1vR6OxmqBWJZjYfjaNx8Z0pi_Ggkjzviy/view?usp=drive_link"
"83a952b6-aabc-4461-97ad-a5d108c5e113","6b1f8985-9250-49af-aa11-2989a3684d71","video","https://drive.google.com/file/d/1atKwqlzxKodL5HbFPJCSqp3rK69mc0dT/view?usp=drive_link"
"84859e9a-af14-4a20-8c27-c3c4025d8c7e","ad98f99d-25e9-4c7b-828a-55eff228e4f4","img","https://drive.google.com/file/d/1QKJsSKpA2eTwYr-obKi6EruZZFNQuhFK/view?usp=drive_link"
"855e5481-7ac6-49d8-b389-1d4190d8b7b7","3fbc0f13-c711-46b0-9399-c1f90d3418de","img","https://drive.google.com/file/d/1dX1o6mJKxfOPihaqy9omiyaRRivHKI7-/view?usp=drive_link"
"86b55ac2-32ad-41a1-a687-16dd6a51d33a","41387e59-1c31-4ada-9048-ca45dc017bdc","img","https://drive.google.com/file/d/14X1w0iasoa2kbhTMpf4HJyM6BaGxyFoZ/view?usp=drive_link"
"870f5a90-9930-43d9-932d-8328a8c26ec4","ad98f99d-25e9-4c7b-828a-55eff228e4f4","img","https://drive.google.com/file/d/1h67tZYYfqCKcKUVrXWTsprmi2wFgR7XD/view?usp=drive_link"
"8b9df9ed-98f9-4647-a03b-1f1921157c77","41387e59-1c31-4ada-9048-ca45dc017bdc","img","https://drive.google.com/file/d/1r7uDMetS_x-yQLLkHbtA3dMt1DqAsQc5/view?usp=drive_link"
"8cbb937a-b774-4799-9001-d8757ee6905c","ad98f99d-25e9-4c7b-828a-55eff228e4f4","img","https://drive.google.com/file/d/16NsowP35wqFMSLZIggnc1uIAW51L9oZa/view?usp=drive_link"
"8d4fcac4-693c-4b59-ac2e-d66e63c54c5c","ee7301e1-07ef-4ef9-a375-0d1feff4880d","img","https://drive.google.com/file/d/1gA1PboP8XVLedHg0s4cLgct_iBRlhkWx/view?usp=drive_link"
"8e41031e-0fb0-4035-81eb-028700287299","ffd50e35-1141-44bc-9f8b-5e1f68ab4d4c","img","https://drive.google.com/file/d/1BHZFWeaTeIjYM1A20i1vWW-nx0am5mjY/view?usp=drive_link"
"8fb0eb05-3d2a-470e-83c9-14d2ed9c9ffd","ee7301e1-07ef-4ef9-a375-0d1feff4880d","img","https://drive.google.com/file/d/1OlXYT4TGHj1frFJwbgPbN706rwxQBqc9/view?usp=drive_link"
"939c068d-1941-40ba-8216-fce4d9da0eb0","6b1f8985-9250-49af-aa11-2989a3684d71","img","https://drive.google.com/file/d/1RMotKtkoibwHALhsmZXlzuYhcO-OmSnp/view?usp=drive_link"
"95523b8b-5aed-4d26-8ad3-ee4bf6125de7","e74188e4-be4c-4108-9bd0-c6f516759e2c","video","https://drive.google.com/file/d/1cSOvDC5uV8At2Dbe2tkxIcc3A2u-ndOd/view?usp=drive_link"
"95b820ce-3a76-47e5-b19a-99526b6edaed","699726db-2e95-4612-9303-b4dcfab0a91a","video","https://picsum.photos/seed/1/800/600.webp"
"96d8f9a2-d16c-4779-b75c-67e45b569307","ad98f99d-25e9-4c7b-828a-55eff228e4f4","video","https://drive.google.com/file/d/14kJi9AynCvI8Sh7IsrGkv0loAsozUTVt/view?usp=drive_link"
"986417a3-67ea-4f03-ba9c-62eab73137d6","9d59eea7-d058-494a-aae9-ee9c9a73e91e","img","https://drive.google.com/file/d/12sUJVRRYzT7nAku5PAehVuufMiFdFNeC/view?usp=drive_link"
"992d2e54-3b1e-4d42-b9a2-c65b94b887d4","ffd50e35-1141-44bc-9f8b-5e1f68ab4d4c","video","https://drive.google.com/file/d/1B3HlGwy9Jx5gE7eiZslsziu6Pl1YYwaw/view?usp=drive_link"
"9c90e14b-432b-4fe9-88fb-babdbfdc0d56","ad98f99d-25e9-4c7b-828a-55eff228e4f4","img","https://drive.google.com/file/d/11C2eiOa7RCfdSv3NnXZlnglJm1ubYzkM/view?usp=drive_link"
"9dc47f6d-df54-497b-8e6f-08c88a2d9055","f6a910ac-076a-47be-83e0-9dfe77d6f53b","img","https://picsum.photos/seed/1/800/600.webp"
"9df72ecd-4c32-4f87-aa8f-fd6ca62caf8e","ee7301e1-07ef-4ef9-a375-0d1feff4880d","img","https://drive.google.com/file/d/1wTemVeTVpj4RXPOeU6_Kou8VuWQgguOq/view?usp=drive_link"
"a247eb58-693b-4b70-84f5-497f66b7cc55","ee7301e1-07ef-4ef9-a375-0d1feff4880d","img","https://drive.google.com/file/d/1ecTLVc4mhF-HXRxp0R0E9JPoiCMsowaB/view?usp=drive_link"
"a2b96067-53ef-4422-ac17-8e629434096c","3fece07d-7db4-443f-a338-537dd0e4cf98","img","https://drive.google.com/file/d/1wgve7DtowWsS-Mco3bBFRnFDuDUVJmk5/view?usp=drive_link"
"a60a850f-264c-4909-88b7-477ef5e9ed7c","699726db-2e95-4612-9303-b4dcfab0a91a","img","https://picsum.photos/seed/1/800/600.webp"
"a67e8770-bf0e-451d-a2f0-1dd1c8bd6060","ffd50e35-1141-44bc-9f8b-5e1f68ab4d4c","img","https://drive.google.com/file/d/1CMdcspe--Z6Hm2c4Av1RDr2GZ-KVU88q/view?usp=drive_link"
"a699fb8e-6197-47ae-8abc-f2ff7c7d18e0","e74188e4-be4c-4108-9bd0-c6f516759e2c","img","https://drive.google.com/file/d/1QmbxsbPW08mH58wxkTe1XmmJNhxhf3ge/view?usp=drive_link"
"a6e3e089-ff32-4074-ad09-3d345d7af629","9d59eea7-d058-494a-aae9-ee9c9a73e91e","img","https://drive.google.com/file/d/1qUnGZIim6-ssQqOLzLJ9JmtjXWv0d9h-/view?usp=drive_link"
"a7de7675-4191-4c70-b587-9bcef70b0a92","1052c020-ea5d-4b3d-8fc6-957c99369c00","img","https://drive.google.com/file/d/127nqcC-UsGJhIFYBB0dXVbdTIOcIxxHq/view?usp=drive_link"
"a842b38d-abd3-4060-9568-8a0a9066f571","3fece07d-7db4-443f-a338-537dd0e4cf98","img","https://drive.google.com/file/d/164uTsFaC30aTjjpjp6tgrkYJ5fuVTHXj/view?usp=drive_link"
"aa6b1ff0-ca1d-459c-a6b7-ed0f5f551e4a","6b1f8985-9250-49af-aa11-2989a3684d71","img","https://drive.google.com/file/d/1j9VZuwBJKTIKHd2Nh-F79SSGIeTtbee0/view?usp=drive_link"
"acf02917-9a0e-4b3f-8658-656b9682afce","41387e59-1c31-4ada-9048-ca45dc017bdc","img","https://drive.google.com/file/d/1hOQGqAxN3Qm46a5V2bPzl9M-39pe4k6s/view?usp=drive_link"
"ad3b3653-e0a5-46be-9dae-6031097bd144","3fbc0f13-c711-46b0-9399-c1f90d3418de","img","https://drive.google.com/file/d/10XvqFobsQgLCdpjfb3rlx5Hm4fWiKG_R/view?usp=drive_link"
"ad4d86ed-019f-4062-b516-e1343be4d84f","ad98f99d-25e9-4c7b-828a-55eff228e4f4","img","https://drive.google.com/file/d/1P4Q8_dgu8P8_lIzd784RTHa7PJTbg4ig/view?usp=drive_link"
"ada4a232-1320-4b9a-9788-8bec313f3874","41387e59-1c31-4ada-9048-ca45dc017bdc","img","https://drive.google.com/file/d/1lgJ6YfYtmY6WVCOAVqm_bMEH2XKcAU1k/view?usp=drive_link"
"af29b596-02eb-482d-8d73-b40f7c59ba9a","41387e59-1c31-4ada-9048-ca45dc017bdc","img","https://drive.google.com/file/d/1aBSAjNm-iWQpyrai2-gSBIiSmy8cyLKk/view?usp=drive_link"
"af36100b-3460-4766-ba23-b393d55b3e9c","41387e59-1c31-4ada-9048-ca45dc017bdc","img","https://drive.google.com/file/d/1HITHEOslc32b7nrw4oBrVoWa2mGHi_97/view?usp=drive_link"
"b01dec00-020c-4e4b-9691-9c36c654f38e","1052c020-ea5d-4b3d-8fc6-957c99369c00","img","https://drive.google.com/file/d/12rjRXBXZnlpIhA2BqT31lP5nwdqjVhah/view?usp=drive_link"
"b0c61d5d-4ac9-484a-b0db-7139c64faf2c","699726db-2e95-4612-9303-b4dcfab0a91a","img","https://picsum.photos/seed/1/800/600.webp"
"b0f2d915-a850-4a93-ae1d-8d493d72b2a8","e74188e4-be4c-4108-9bd0-c6f516759e2c","img","https://drive.google.com/file/d/1zZISHE69WUaW8r4rxLz3OWIne8nCzoWM/view?usp=drive_link"
"b34d3a08-fd02-45ee-ae0f-1fc09b610c19","f6a910ac-076a-47be-83e0-9dfe77d6f53b","img","https://picsum.photos/seed/1/800/600.webp"
"b5545430-d77e-4fc4-86a3-79740ba79f4d","ffd50e35-1141-44bc-9f8b-5e1f68ab4d4c","img","https://drive.google.com/file/d/1BDgWyq-kQzschWAgbvcEZPa2872SLY2H/view?usp=drive_link"
"b5aaae72-527c-4918-b0a6-a964f53f2395","ee7301e1-07ef-4ef9-a375-0d1feff4880d","img","https://drive.google.com/file/d/1jzZLzCklkBRZoVtiliJ-PRmrQ2GsTCER/view?usp=drive_link"
"b5c8fcf5-b68c-45c5-b5cd-2888412c32fc","3fbc0f13-c711-46b0-9399-c1f90d3418de","img","https://drive.google.com/file/d/1aiQbPveVw7790L8TainVOqC0nr4-y4Qm/view?usp=drive_link"
"b5ccc546-072f-431a-be71-b55adcda3e69","699726db-2e95-4612-9303-b4dcfab0a91a","video","https://picsum.photos/seed/1/800/600.webp"
"b5fabfee-36f6-4b9a-baa7-bfa1e72ee5cf","1052c020-ea5d-4b3d-8fc6-957c99369c00","img","https://drive.google.com/file/d/1DNItotcTDwtba_Q6PyvylQHdsYmXAM0x/view?usp=drive_link"
"b750596f-bb59-4141-92fd-bee72d2d94f4","ad98f99d-25e9-4c7b-828a-55eff228e4f4","img","https://drive.google.com/file/d/1jCjgf4mlrzvEY_x7naeNWAadkcedqbq1/view?usp=drive_link"
"b8869212-b9cd-47b9-b7a8-8a8a856d8562","ad98f99d-25e9-4c7b-828a-55eff228e4f4","img","https://drive.google.com/file/d/1WG6q1MuqGWi2_YNikRISMzJMBGtYww95/view?usp=drive_link"
"bd12c2d3-4e2d-4a63-a975-201373792709","ad98f99d-25e9-4c7b-828a-55eff228e4f4","img","https://drive.google.com/file/d/1tVBxyhZGJWxojScUa3S2aTILy4NaWCjO/view?usp=drive_link"
"be4ca0dd-e1ac-4a84-9d3e-930031b9d432","41387e59-1c31-4ada-9048-ca45dc017bdc","img","https://drive.google.com/file/d/1SsD__fhx5FipNz6P5rh9CGOhcUSWbdrL/view?usp=drive_link"
"beb9c369-6569-4966-bdad-f7ad7083a8a4","41387e59-1c31-4ada-9048-ca45dc017bdc","img","https://drive.google.com/file/d/1Hztqk7Z9OXOmBMPTWBn_3PUtBERFMPuM/view?usp=drive_link"
"c6a2a06b-4d81-4097-a17d-5d292ab1893d","41387e59-1c31-4ada-9048-ca45dc017bdc","img","https://drive.google.com/file/d/1WMMpA8ZzbNeslJPKyyzS5RRr__apj6YO/view?usp=drive_link"
"c6c43cf3-3186-4f4f-967b-5ddf80179e43","41387e59-1c31-4ada-9048-ca45dc017bdc","img","https://drive.google.com/file/d/1W-9b3ifSANh9MTolK0wLL5q1XOMCwzZu/view?usp=drive_link"
"c7774fd5-e827-417a-9d65-e2935882af31","e74188e4-be4c-4108-9bd0-c6f516759e2c","img","https://drive.google.com/file/d/139tJLo6Fr5ViPiiJBnf7Z-UQI5BJ-WWZ/view?usp=sharing"
"c8002fac-de13-4f9b-b88d-4911140bf2e2","ad98f99d-25e9-4c7b-828a-55eff228e4f4","img","https://drive.google.com/file/d/1OpGO6w7ERSCNhDZ5gPQLGN3zX6Y6UvaY/view?usp=drive_link"
"c84a409d-7c20-474e-80cc-70757b87a0cd","ee7301e1-07ef-4ef9-a375-0d1feff4880d","img","https://drive.google.com/file/d/1w4rCKbV-VCcd6ehVHM37qBuhAz5aAyf-/view?usp=drive_link"
"c9e4f7a1-9aea-429f-81b7-6f880379dbfe","1052c020-ea5d-4b3d-8fc6-957c99369c00","img","https://drive.google.com/file/d/1D9_pJyFnohcKmwy2Qg9UyFE6Szt0FAwS/view?usp=drive_link"
"ca2ab9f6-80a6-4b64-8466-acb92b48d4ee","699726db-2e95-4612-9303-b4dcfab0a91a","img","https://picsum.photos/seed/1/800/600.webp"
"cb43cabf-78a4-4b35-ac35-67ed4b3537a0","2ebf7c81-4773-4db6-8da1-6df8d179377b","img","https://picsum.photos/seed/1/800/600.webp"
"cc972bfa-18da-4492-9989-8b1a9498617b","ad98f99d-25e9-4c7b-828a-55eff228e4f4","img","https://drive.google.com/file/d/1URuaWQFtMVi1zWjtETcx1hMLu7_H7PGa/view?usp=drive_link"
"cf066211-3208-48b9-a1c4-865dd7473327","41387e59-1c31-4ada-9048-ca45dc017bdc","img","https://drive.google.com/file/d/1wop9eEStw0vioUKIza45zM-2qQPKu033/view?usp=drive_link"
"cf5d97ed-366f-47f7-b964-42cb46840a3d","1052c020-ea5d-4b3d-8fc6-957c99369c00","img","https://drive.google.com/file/d/12hHfWxozkItF1HAOP957vat7gUVH1vwG/view?usp=drive_link"
"cf97a130-c27f-4639-a273-0cea3ed70ed6","41387e59-1c31-4ada-9048-ca45dc017bdc","img","https://drive.google.com/file/d/1NqNPshuPA1IkzPwEETC0mZKHeNCxs7Ql/view?usp=drive_link"
"d01d2722-740c-485a-a79c-c7445567f0b1","41387e59-1c31-4ada-9048-ca45dc017bdc","img","https://drive.google.com/file/d/1_Kvqcmpxn2oASu1hxALDwpbAnBNdfbSL/view?usp=drive_link"
"d1e75dba-3108-4f79-8fa3-e5d8430d98bb","1052c020-ea5d-4b3d-8fc6-957c99369c00","img","https://drive.google.com/file/d/1ovsy2rYLCLJPPeuKgJrEV9T80QIu8vWl/view?usp=drive_link"
"d81492db-ccf2-43ca-840d-4d88c2e47214","2ebf7c81-4773-4db6-8da1-6df8d179377b","img","https://picsum.photos/seed/1/800/600.webp"
"d856ab57-f274-4aff-9f74-59025c3912e7","1052c020-ea5d-4b3d-8fc6-957c99369c00","img","https://drive.google.com/file/d/16wUpf3gQ5GU5QXwBTLKDszMNyh0u5DAx/view?usp=drive_link"
"dbc08881-4a04-49a7-aca3-bda05dd43edf","ad98f99d-25e9-4c7b-828a-55eff228e4f4","img","https://drive.google.com/file/d/1YFrHozkXWB-MeB725FECwln_xpQBl8zM/view?usp=drive_link"
"dbfc1b67-a64a-49c4-9362-90ad382c1b98","1052c020-ea5d-4b3d-8fc6-957c99369c00","img","https://drive.google.com/file/d/1_OIkvWC027B3fUbVOnHKm5O3TB34H1_i/view?usp=drive_link"
"dc45835c-93aa-4b79-9420-6df2f513d1fd","2ebf7c81-4773-4db6-8da1-6df8d179377b","video","https://youtu.be/wGieAHTt790?si=6dbvVlprfjoDKmiv"
"dcaf2a0b-6345-44d8-8ddb-112ce1415d7b","f6a910ac-076a-47be-83e0-9dfe77d6f53b","img","https://picsum.photos/seed/1/800/600.webp"
"de12e769-2282-4720-bf5d-4a94dbc1c875","41387e59-1c31-4ada-9048-ca45dc017bdc","img","https://drive.google.com/file/d/1iIHoaGFnJLvxLJBhsdBYYZ6jLCjwCjrU/view?usp=drive_link"
"de22fef3-c325-443d-80c9-b08e4d33e829","ad98f99d-25e9-4c7b-828a-55eff228e4f4","img","https://drive.google.com/file/d/16NsowP35wqFMSLZIggnc1uIAW51L9oZa/view?usp=drive_link"
"df50ce62-c0a3-421a-9a6f-47983adef2df","ad98f99d-25e9-4c7b-828a-55eff228e4f4","img","https://drive.google.com/file/d/1hgAjXFbGmmllufram4izmMJ0wgUe1mFM/view?usp=drive_link"
"df7ae510-d5f2-4301-a367-85b9a5b19c33","1052c020-ea5d-4b3d-8fc6-957c99369c00","img","https://drive.google.com/file/d/11SD8pyEiAhI3bcFwTyj3NHmNGNlfPCOr/view?usp=drive_link"
"dfa3a70b-1da2-4ad2-b3aa-17fe2fd9d959","1052c020-ea5d-4b3d-8fc6-957c99369c00","video","https://drive.google.com/file/d/1VljV13_rxtMc6IU3ienfxyLi5fknBJEU/view?usp=drive_link"
"dff27e2f-e892-4d88-aac3-35a2ee46c9ee","ee7301e1-07ef-4ef9-a375-0d1feff4880d","img","https://drive.google.com/file/d/1h7h7fWHKEYvzB5h7TWCR_X1O5MZSDQKJ/view?usp=drive_link"
"e25cb9f8-168e-4303-bfa8-a54b8a9aeab6","3fece07d-7db4-443f-a338-537dd0e4cf98","img","https://drive.google.com/file/d/1qTMq8HOioqmbZFSX37GpoN88fv1FTGTN/view?usp=drive_link"
"e36f3fb7-60bf-4dc7-9afc-e7ab8ac5117a","1052c020-ea5d-4b3d-8fc6-957c99369c00","img","https://drive.google.com/file/d/1E23gUx_XV5hAnju413WT1sYpDababDH1/view?usp=drive_link"
"e37a501e-b23c-422e-9090-f29c082420c8","e74188e4-be4c-4108-9bd0-c6f516759e2c","img","https://drive.google.com/file/d/1FIAAQawhZHrj7gudCmqO7xSmEkY4WV-2/view?usp=drive_link"
"e38cb54e-d51f-44de-9220-d906bad15dfb","f6a910ac-076a-47be-83e0-9dfe77d6f53b","video","https://youtu.be/JxS5E-kZc2s?si=f8YccXSLi9rE0ewo"
"e4b19e93-836d-4d17-897a-97dc3082b78d","3fbc0f13-c711-46b0-9399-c1f90d3418de","img","https://drive.google.com/file/d/1Rk-RocOXM9aiS9OatDUryUJm4YURXHIV/view?usp=drive_link"
"e594a4b0-b4df-4052-b035-947cd6a7d589","ad98f99d-25e9-4c7b-828a-55eff228e4f4","img","https://drive.google.com/file/d/1w0ba9Khso5bBeYbIqpogwrlWCYy96qqD/view?usp=drive_link"
"e7de42e4-6f7b-4e80-b8bf-41fd4b0fc6e8","3fece07d-7db4-443f-a338-537dd0e4cf98","img","https://drive.google.com/file/d/1yea05wss68bU1KnjNdMm56u7zH1QvJxM/view?usp=drive_link"
"e8ec7fda-3056-4c5c-b3c5-c49f8651bc7c","1052c020-ea5d-4b3d-8fc6-957c99369c00","img","https://drive.google.com/file/d/1Sjno_-0mq3KRQo1Djex-YuaM2Lfk-tKp/view?usp=drive_link"
"ec19f9a6-40f8-4267-a693-2a065f886348","699726db-2e95-4612-9303-b4dcfab0a91a","video","https://picsum.photos/seed/1/800/600.webp"
"ec7f3024-7b20-48ed-b3e2-423bfeef1d20","f6a910ac-076a-47be-83e0-9dfe77d6f53b","video","https://youtu.be/wGieAHTt790?si=6dbvVlprfjoDKmiv"
"ec9626f8-ec3d-485f-9f1f-b9bc4a2d967f","1052c020-ea5d-4b3d-8fc6-957c99369c00","img","https://drive.google.com/file/d/1eXc7fzEIJHzahAMXY_j5gNiGbGGnohZR/view?usp=drive_link"
"edd76dd6-e3c8-45dd-81c9-1c806c4faa1a","ee7301e1-07ef-4ef9-a375-0d1feff4880d","img","https://drive.google.com/file/d/1zcNeyOIw4WBo7i4mszhBTqZYDdMeY6Hz/view?usp=drive_link"
"eefbedbe-10d2-42a6-8e28-734e4605b233","e74188e4-be4c-4108-9bd0-c6f516759e2c","img","https://drive.google.com/file/d/1QefgDZjGtQLxIfBmmdBecGCo3wBu7c6N/view?usp=drive_link"
"f34ca949-da81-4d34-8723-2df5b355e699","ee7301e1-07ef-4ef9-a375-0d1feff4880d","img","https://drive.google.com/file/d/107-w9bA-iKjwY4oDpdQwQxBIYAywLcrV/view?usp=drive_link"
"f392dd80-c8a9-4a71-9470-df5835d81c6a","1052c020-ea5d-4b3d-8fc6-957c99369c00","img","https://drive.google.com/file/d/18uGwFIg7N2vgQA3GuIjtQQmFBIC-OqjX/view?usp=drive_link"
"f3a7038f-4699-4a76-b50a-bfd8bd051f18","699726db-2e95-4612-9303-b4dcfab0a91a","img","https://picsum.photos/seed/1/800/600.webp"
"f3d31670-55c6-42fc-827b-5744a81bf03a","41387e59-1c31-4ada-9048-ca45dc017bdc","img","https://drive.google.com/file/d/1d7QXXQUyTGrPrllm_LmI1mrE3ClztzSM/view?usp=drive_link"
"f5602cce-2dff-480f-898b-97e014d51a8d","9d59eea7-d058-494a-aae9-ee9c9a73e91e","video","https://drive.google.com/file/d/1GmoBGJS0vxo3mUBLbOweCp5T1J-ZdhtZ/view?usp=drive_link"
"f678cb43-cd0a-4b80-af5c-65a8ef5e852b","ffd50e35-1141-44bc-9f8b-5e1f68ab4d4c","img","https://drive.google.com/file/d/1CHzjSS3vUZfqSOYfe5Elc-jzakDqNpyl/view?usp=drive_link"
"fc27d654-af5d-43f9-b72f-ab4de88c3a04","3fbc0f13-c711-46b0-9399-c1f90d3418de","img","https://drive.google.com/file/d/1AEycVNgfsp3ojuxrXmnHfSyv03E1hMrg/view?usp=sharing"
"fed5fb4e-c26e-4fd3-a6da-9ce05249acef","ad98f99d-25e9-4c7b-828a-55eff228e4f4","img","https://drive.google.com/file/d/1pGqzvifcYChTCNbGeg-gXWFtfQTzWp-P/view?usp=drive_link"
"ff661430-c5b4-48e8-b4b7-c9cdc6af0c47","ee7301e1-07ef-4ef9-a375-0d1feff4880d","img","https://drive.google.com/file/d/1jsWEShnLZfvGIRNHl_eltzGCaSLYjkgX/view?usp=drive_link"